code,evidence,level,message,mode,page,score,suggested_action,target
COORDINATE_TABLE_FALLBACK_TO_DOCLING,"{""routing_source_mode"": ""TEXT_TABLE_FAST"", ""coordinate_quality"": {""ok"": false, ""reasons"": [""coordinate_status_no_grid_bbox"", ""too_few_rows"", ""too_few_columns""], ""rows"": 0, ""columns"": 0, ""span_count"": 0, ""span_coverage"": 0.0, ""spans_per_row"": 0.0, ""span_per_row_limit"": 12.0, ""max_cell_chars"": 0, ""max_to_median_cell_char_ratio"": 0.0, ""max_long_text_row_ratio"": 0.0}, ""coordinate_diagnostics"": {""method"": ""pdf_coordinate_grid"", ""page"": 1, ""status"": ""no_grid_bbox"", ""horizontal_line_count"": 4, ""vertical_line_count"": 1, ""non_table_text_line_count"": 53, ""non_table_text_chars"": 3094}}",info,"Coordinate table reconstruction was attempted but the evidence was weak, so local Docling table extraction was used.",TEXT_TABLE_FAST,1,0.6,"If this page is slow or inaccurate, review coordinate diagnostics or enable table VLM fallback for targeted pages.",
COORDINATE_TABLE_FALLBACK_TO_DOCLING,"{""routing_source_mode"": ""TEXT_TABLE_FAST"", ""coordinate_quality"": {""ok"": false, ""reasons"": [""coordinate_status_no_grid_bbox"", ""too_few_rows"", ""too_few_columns""], ""rows"": 0, ""columns"": 0, ""span_count"": 0, ""span_coverage"": 0.0, ""spans_per_row"": 0.0, ""span_per_row_limit"": 12.0, ""max_cell_chars"": 0, ""max_to_median_cell_char_ratio"": 0.0, ""max_long_text_row_ratio"": 0.0}, ""coordinate_diagnostics"": {""method"": ""pdf_coordinate_grid"", ""page"": 2, ""status"": ""no_grid_bbox"", ""horizontal_line_count"": 6, ""vertical_line_count"": 2, ""non_table_text_line_count"": 53, ""non_table_text_chars"": 3110}}",info,"Coordinate table reconstruction was attempted but the evidence was weak, so local Docling table extraction was used.",TEXT_TABLE_FAST,2,0.6,"If this page is slow or inaccurate, review coordinate diagnostics or enable table VLM fallback for targeted pages.",
COORDINATE_TABLE_FALLBACK_TO_DOCLING,"{""routing_source_mode"": ""TEXT_TABLE_FAST"", ""coordinate_quality"": {""ok"": false, ""reasons"": [""coordinate_status_no_grid_bbox"", ""too_few_rows"", ""too_few_columns""], ""rows"": 0, ""columns"": 0, ""span_count"": 0, ""span_coverage"": 0.0, ""spans_per_row"": 0.0, ""span_per_row_limit"": 12.0, ""max_cell_chars"": 0, ""max_to_median_cell_char_ratio"": 0.0, ""max_long_text_row_ratio"": 0.0}, ""coordinate_diagnostics"": {""method"": ""pdf_coordinate_grid"", ""page"": 3, ""status"": ""no_grid_bbox"", ""horizontal_line_count"": 6, ""vertical_line_count"": 2, ""non_table_text_line_count"": 53, ""non_table_text_chars"": 3801}}",info,"Coordinate table reconstruction was attempted but the evidence was weak, so local Docling table extraction was used.",TEXT_TABLE_FAST,3,0.6,"If this page is slow or inaccurate, review coordinate diagnostics or enable table VLM fallback for targeted pages.",
COORDINATE_TABLE_FALLBACK_TO_DOCLING,"{""routing_source_mode"": ""TEXT_TABLE_FAST"", ""coordinate_quality"": {""ok"": false, ""reasons"": [""coordinate_status_no_grid_bbox"", ""too_few_rows"", ""too_few_columns""], ""rows"": 0, ""columns"": 0, ""span_count"": 0, ""span_coverage"": 0.0, ""spans_per_row"": 0.0, ""span_per_row_limit"": 12.0, ""max_cell_chars"": 0, ""max_to_median_cell_char_ratio"": 0.0, ""max_long_text_row_ratio"": 0.0}, ""coordinate_diagnostics"": {""method"": ""pdf_coordinate_grid"", ""page"": 4, ""status"": ""no_grid_bbox"", ""horizontal_line_count"": 8, ""vertical_line_count"": 18, ""non_table_text_line_count"": 53, ""non_table_text_chars"": 2342}}",info,"Coordinate table reconstruction was attempted but the evidence was weak, so local Docling table extraction was used.",TEXT_TABLE_FAST,4,0.6,"If this page is slow or inaccurate, review coordinate diagnostics or enable table VLM fallback for targeted pages.",
ROW_HEADER_SPAN_MISSED,"{""repaired_cell_count"": 4, ""repaired_cells"": [{""row"": 10, ""column"": 1, ""text"": ""年"", ""source_bbox"": [54.3, 248.61, 61.4, 255.52], ""covered_rows"": [10, 11, 12, 13, 14, 15, 16, 17, 18, 19]}, {""row"": 20, ""column"": 1, ""text"": ""年"", ""source_bbox"": [54.3, 337.21, 61.4, 344.12], ""covered_rows"": [20, 21, 22, 23, 24]}, {""row"": 25, ""column"": 1, ""text"": ""元"", ""source_bbox"": [42.57, 337.63, 49.34, 343.86], ""covered_rows"": [25, 26, 27, 28]}, {""row"": 29, ""column"": 1, ""text"": ""年"", ""source_bbox"": [54.3, 412.24, 61.4, 419.15], ""covered_rows"": [29, 30, 31, 32, 33, 34, 35, 36, 37, 38, 39, 40]}], ""candidate_columns"": [1], ""table_index_in_segment"": 1}",warning,PDFテキストレイヤー上の行見出しSPANがDoclingの構造化テーブルから欠落していたため、座標ベースで補完しました。,TEXT_TABLE_FAST,4,0.78,補完セルを確認してください。補完できない未使用テキストが残る場合は対象ページだけVLM突合を検討してください。,
TABLE_TEXT_COVERAGE_LOSS,"{""unrepaired_spans"": [{""column"": 0, ""row"": 1, ""text"": ""年"", ""existing"": ""大正""}, {""column"": 0, ""row"": 3, ""text"": ""年"", ""existing"": ""昭和""}], ""table_index_in_segment"": 1}",warning,表領域内のPDFテキストの一部を構造化テーブルへ安全に割り当てられませんでした。,TEXT_TABLE_FAST,4,0.72,該当テーブルのraw出力とPDFを確認してください。必要なら対象ページだけVLM突合を実行してください。,
COORDINATE_TABLE_FALLBACK_TO_DOCLING,"{""routing_source_mode"": ""TEXT_TABLE_FAST"", ""coordinate_quality"": {""ok"": false, ""reasons"": [""coordinate_status_no_grid_bbox"", ""too_few_rows"", ""too_few_columns""], ""rows"": 0, ""columns"": 0, ""span_count"": 0, ""span_coverage"": 0.0, ""spans_per_row"": 0.0, ""span_per_row_limit"": 12.0, ""max_cell_chars"": 0, ""max_to_median_cell_char_ratio"": 0.0, ""max_long_text_row_ratio"": 0.0}, ""coordinate_diagnostics"": {""method"": ""pdf_coordinate_grid"", ""page"": 5, ""status"": ""no_grid_bbox"", ""horizontal_line_count"": 4, ""vertical_line_count"": 8, ""non_table_text_line_count"": 52, ""non_table_text_chars"": 2324}}",info,"Coordinate table reconstruction was attempted but the evidence was weak, so local Docling table extraction was used.",TEXT_TABLE_FAST,5,0.6,"If this page is slow or inaccurate, review coordinate diagnostics or enable table VLM fallback for targeted pages.",
COORDINATE_TABLE_FALLBACK_TO_DOCLING,"{""routing_source_mode"": ""TEXT_TABLE_FAST"", ""coordinate_quality"": {""ok"": false, ""reasons"": [""low_span_coverage"", ""row_collapse_risk"", ""giant_cell_risk"", ""cell_size_skew"", ""prose_row_risk""], ""rows"": 3, ""columns"": 7, ""span_count"": 463, ""span_coverage"": 0.7775, ""spans_per_row"": 154.3333, ""span_per_row_limit"": 21.0, ""max_cell_chars"": 297, ""max_to_median_cell_char_ratio"": 13.814, ""max_long_text_row_ratio"": 1.0}, ""coordinate_diagnostics"": {""method"": ""pdf_coordinate_grid"", ""page"": 6, ""status"": ""ok"", ""bbox"": [23.81, 47.77, 382.33, 519.26], ""table_area_ratio"": 0.6769, ""x_line_count"": 8, ""y_line_count"": 5, ""raw_rows"": 4, ""raw_columns"": 7, ""trimmed_rows"": 3, ""trimmed_columns"": 7, ""span_count"": 463, ""assigned_span_count"": 360, ""span_coverage"": 0.7775, ""spans_per_trimmed_row"": 154.3333, ""max_cell_chars"": 297, ""median_cell_chars"": 21.5, ""max_to_median_cell_char_ratio"": 13.814, ""max_long_text_row_ratio"": 1.0, ""header_mode"": ""none"", ""header_inference_enabled"": false, ""header_row_count"": 0, ""measure_start_column"": null, ""filled_row_header_count"": 0, ""pdf_grid_rows_preserved"": true, ""headers"": [""col_001"", ""col_002"", ""col_003"", ""col_004"", ""col_005"", ""col_006"", ""col_007""], ""non_table_text_line_count"": 7, ""non_table_text_chars"": 220}}",info,"Coordinate table reconstruction was attempted but the evidence was weak, so local Docling table extraction was used.",TEXT_TABLE_FAST,6,0.6,"If this page is slow or inaccurate, review coordinate diagnostics or enable table VLM fallback for targeted pages.",
COORDINATE_TABLE_FALLBACK_TO_DOCLING,"{""routing_source_mode"": ""TEXT_TABLE_FAST"", ""coordinate_quality"": {""ok"": false, ""reasons"": [""low_span_coverage"", ""row_collapse_risk"", ""giant_cell_risk"", ""prose_row_risk""], ""rows"": 2, ""columns"": 6, ""span_count"": 419, ""span_coverage"": 0.7494, ""spans_per_row"": 209.5, ""span_per_row_limit"": 18.0, ""max_cell_chars"": 383, ""max_to_median_cell_char_ratio"": 3.435, ""max_long_text_row_ratio"": 1.0}, ""coordinate_diagnostics"": {""method"": ""pdf_coordinate_grid"", ""page"": 7, ""status"": ""ok"", ""bbox"": [37.06, 48.32, 396.61, 551.98], ""table_area_ratio"": 0.7251, ""x_line_count"": 7, ""y_line_count"": 3, ""raw_rows"": 2, ""raw_columns"": 6, ""trimmed_rows"": 2, ""trimmed_columns"": 6, ""span_count"": 419, ""assigned_span_count"": 314, ""span_coverage"": 0.7494, ""spans_per_trimmed_row"": 209.5, ""max_cell_chars"": 383, ""median_cell_chars"": 111.5, ""max_to_median_cell_char_ratio"": 3.435, ""max_long_text_row_ratio"": 1.0, ""header_mode"": ""none"", ""header_inference_enabled"": false, ""header_row_count"": 0, ""measure_start_column"": null, ""filled_row_header_count"": 0, ""pdf_grid_rows_preserved"": true, ""headers"": [""col_001"", ""col_002"", ""col_003"", ""col_004"", ""col_005"", ""col_006""], ""non_table_text_line_count"": 3, ""non_table_text_chars"": 29}}",info,"Coordinate table reconstruction was attempted but the evidence was weak, so local Docling table extraction was used.",TEXT_TABLE_FAST,7,0.6,"If this page is slow or inaccurate, review coordinate diagnostics or enable table VLM fallback for targeted pages.",
COORDINATE_TABLE_FALLBACK_TO_DOCLING,"{""routing_source_mode"": ""TEXT_TABLE_ACCURATE"", ""coordinate_quality"": {""ok"": false, ""reasons"": [""low_span_coverage"", ""row_collapse_risk"", ""giant_cell_risk"", ""prose_row_risk""], ""rows"": 2, ""columns"": 6, ""span_count"": 433, ""span_coverage"": 0.7529, ""spans_per_row"": 216.5, ""span_per_row_limit"": 18.0, ""max_cell_chars"": 418, ""max_to_median_cell_char_ratio"": 3.7658, ""max_long_text_row_ratio"": 1.0}, ""coordinate_diagnostics"": {""method"": ""pdf_coordinate_grid"", ""page"": 8, ""status"": ""ok"", ""bbox"": [22.78, 47.41, 382.82, 550.36], ""table_area_ratio"": 0.7251, ""x_line_count"": 7, ""y_line_count"": 3, ""raw_rows"": 2, ""raw_columns"": 6, ""trimmed_rows"": 2, ""trimmed_columns"": 6, ""span_count"": 433, ""assigned_span_count"": 326, ""span_coverage"": 0.7529, ""spans_per_trimmed_row"": 216.5, ""max_cell_chars"": 418, ""median_cell_chars"": 111.0, ""max_to_median_cell_char_ratio"": 3.7658, ""max_long_text_row_ratio"": 1.0, ""header_mode"": ""none"", ""header_inference_enabled"": false, ""header_row_count"": 0, ""measure_start_column"": null, ""filled_row_header_count"": 0, ""pdf_grid_rows_preserved"": true, ""headers"": [""col_001"", ""col_002"", ""col_003"", ""col_004"", ""col_005"", ""col_006""], ""non_table_text_line_count"": 2, ""non_table_text_chars"": 15}}",info,"Coordinate table reconstruction was attempted but the evidence was weak, so local Docling table extraction was used.",TEXT_TABLE_ACCURATE,8,0.6,"If this page is slow or inaccurate, review coordinate diagnostics or enable table VLM fallback for targeted pages.",
COORDINATE_TABLE_FALLBACK_TO_DOCLING,"{""routing_source_mode"": ""TEXT_TABLE_FAST"", ""coordinate_quality"": {""ok"": false, ""reasons"": [""low_span_coverage"", ""row_collapse_risk"", ""giant_cell_risk"", ""prose_row_risk""], ""rows"": 2, ""columns"": 6, ""span_count"": 418, ""span_coverage"": 0.756, ""spans_per_row"": 209.0, ""span_per_row_limit"": 18.0, ""max_cell_chars"": 400, ""max_to_median_cell_char_ratio"": 3.6697, ""max_long_text_row_ratio"": 1.0}, ""coordinate_diagnostics"": {""method"": ""pdf_coordinate_grid"", ""page"": 9, ""status"": ""ok"", ""bbox"": [37.31, 47.41, 396.35, 550.36], ""table_area_ratio"": 0.7231, ""x_line_count"": 7, ""y_line_count"": 3, ""raw_rows"": 2, ""raw_columns"": 6, ""trimmed_rows"": 2, ""trimmed_columns"": 6, ""span_count"": 418, ""assigned_span_count"": 316, ""span_coverage"": 0.756, ""spans_per_trimmed_row"": 209.0, ""max_cell_chars"": 400, ""median_cell_chars"": 109.0, ""max_to_median_cell_char_ratio"": 3.6697, ""max_long_text_row_ratio"": 1.0, ""header_mode"": ""none"", ""header_inference_enabled"": false, ""header_row_count"": 0, ""measure_start_column"": null, ""filled_row_header_count"": 0, ""pdf_grid_rows_preserved"": true, ""headers"": [""col_001"", ""col_002"", ""col_003"", ""col_004"", ""col_005"", ""col_006""], ""non_table_text_line_count"": 2, ""non_table_text_chars"": 21}}",info,"Coordinate table reconstruction was attempted but the evidence was weak, so local Docling table extraction was used.",TEXT_TABLE_FAST,9,0.6,"If this page is slow or inaccurate, review coordinate diagnostics or enable table VLM fallback for targeted pages.",
COORDINATE_TABLE_FALLBACK_TO_DOCLING,"{""routing_source_mode"": ""TEXT_TABLE_ACCURATE"", ""coordinate_quality"": {""ok"": false, ""reasons"": [""low_span_coverage"", ""row_collapse_risk"", ""giant_cell_risk"", ""prose_row_risk""], ""rows"": 2, ""columns"": 6, ""span_count"": 419, ""span_coverage"": 0.747, ""spans_per_row"": 209.5, ""span_per_row_limit"": 18.0, ""max_cell_chars"": 402, ""max_to_median_cell_char_ratio"": 3.8286, ""max_long_text_row_ratio"": 1.0}, ""coordinate_diagnostics"": {""method"": ""pdf_coordinate_grid"", ""page"": 10, ""status"": ""ok"", ""bbox"": [22.42, 47.41, 382.47, 551.37], ""table_area_ratio"": 0.7266, ""x_line_count"": 7, ""y_line_count"": 3, ""raw_rows"": 2, ""raw_columns"": 6, ""trimmed_rows"": 2, ""trimmed_columns"": 6, ""span_count"": 419, ""assigned_span_count"": 313, ""span_coverage"": 0.747, ""spans_per_trimmed_row"": 209.5, ""max_cell_chars"": 402, ""median_cell_chars"": 105.0, ""max_to_median_cell_char_ratio"": 3.8286, ""max_long_text_row_ratio"": 1.0, ""header_mode"": ""none"", ""header_inference_enabled"": false, ""header_row_count"": 0, ""measure_start_column"": null, ""filled_row_header_count"": 0, ""pdf_grid_rows_preserved"": true, ""headers"": [""col_001"", ""col_002"", ""col_003"", ""col_004"", ""col_005"", ""col_006""], ""non_table_text_line_count"": 2, ""non_table_text_chars"": 15}}",info,"Coordinate table reconstruction was attempted but the evidence was weak, so local Docling table extraction was used.",TEXT_TABLE_ACCURATE,10,0.6,"If this page is slow or inaccurate, review coordinate diagnostics or enable table VLM fallback for targeted pages.",
COORDINATE_TABLE_FALLBACK_TO_DOCLING,"{""routing_source_mode"": ""TEXT_TABLE_ACCURATE"", ""coordinate_quality"": {""ok"": false, ""reasons"": [""low_span_coverage"", ""row_collapse_risk"", ""giant_cell_risk"", ""prose_row_risk""], ""rows"": 2, ""columns"": 6, ""span_count"": 372, ""span_coverage"": 0.7769, ""spans_per_row"": 186.0, ""span_per_row_limit"": 18.0, ""max_cell_chars"": 378, ""max_to_median_cell_char_ratio"": 5.0738, ""max_long_text_row_ratio"": 1.0}, ""coordinate_diagnostics"": {""method"": ""pdf_coordinate_grid"", ""page"": 11, ""status"": ""ok"", ""bbox"": [36.88, 47.41, 396.92, 551.37], ""table_area_ratio"": 0.7266, ""x_line_count"": 7, ""y_line_count"": 3, ""raw_rows"": 2, ""raw_columns"": 6, ""trimmed_rows"": 2, ""trimmed_columns"": 6, ""span_count"": 372, ""assigned_span_count"": 289, ""span_coverage"": 0.7769, ""spans_per_trimmed_row"": 186.0, ""max_cell_chars"": 378, ""median_cell_chars"": 74.5, ""max_to_median_cell_char_ratio"": 5.0738, ""max_long_text_row_ratio"": 1.0, ""header_mode"": ""none"", ""header_inference_enabled"": false, ""header_row_count"": 0, ""measure_start_column"": null, ""filled_row_header_count"": 0, ""pdf_grid_rows_preserved"": true, ""headers"": [""col_001"", ""col_002"", ""col_003"", ""col_004"", ""col_005"", ""col_006""], ""non_table_text_line_count"": 3, ""non_table_text_chars"": 51}}",info,"Coordinate table reconstruction was attempted but the evidence was weak, so local Docling table extraction was used.",TEXT_TABLE_ACCURATE,11,0.6,"If this page is slow or inaccurate, review coordinate diagnostics or enable table VLM fallback for targeted pages.",
COORDINATE_TABLE_FALLBACK_TO_DOCLING,"{""routing_source_mode"": ""TEXT_TABLE_ACCURATE"", ""coordinate_quality"": {""ok"": false, ""reasons"": [""low_span_coverage"", ""row_collapse_risk"", ""giant_cell_risk"", ""prose_row_risk""], ""rows"": 2, ""columns"": 10, ""span_count"": 423, ""span_coverage"": 0.8322, ""spans_per_row"": 211.5, ""span_per_row_limit"": 30.0, ""max_cell_chars"": 209, ""max_to_median_cell_char_ratio"": 4.2222, ""max_long_text_row_ratio"": 1.0}, ""coordinate_diagnostics"": {""method"": ""pdf_coordinate_grid"", ""page"": 12, ""status"": ""ok"", ""bbox"": [23.56, 47.98, 382.66, 524.21], ""table_area_ratio"": 0.6848, ""x_line_count"": 11, ""y_line_count"": 3, ""raw_rows"": 2, ""raw_columns"": 10, ""trimmed_rows"": 2, ""trimmed_columns"": 10, ""span_count"": 423, ""assigned_span_count"": 352, ""span_coverage"": 0.8322, ""spans_per_trimmed_row"": 211.5, ""max_cell_chars"": 209, ""median_cell_chars"": 49.5, ""max_to_median_cell_char_ratio"": 4.2222, ""max_long_text_row_ratio"": 1.0, ""header_mode"": ""none"", ""header_inference_enabled"": false, ""header_row_count"": 0, ""measure_start_column"": null, ""filled_row_header_count"": 0, ""pdf_grid_rows_preserved"": true, ""headers"": [""col_001"", ""col_002"", ""col_003"", ""col_004"", ""col_005"", ""col_006"", ""col_007"", ""col_008"", ""col_009"", ""col_010""], ""non_table_text_line_count"": 5, ""non_table_text_chars"": 86}}",info,"Coordinate table reconstruction was attempted but the evidence was weak, so local Docling table extraction was used.",TEXT_TABLE_ACCURATE,12,0.6,"If this page is slow or inaccurate, review coordinate diagnostics or enable table VLM fallback for targeted pages.",
COORDINATE_TABLE_FALLBACK_TO_DOCLING,"{""routing_source_mode"": ""TEXT_TABLE_FAST"", ""coordinate_quality"": {""ok"": false, ""reasons"": [""coordinate_status_no_grid_bbox"", ""too_few_rows"", ""too_few_columns""], ""rows"": 0, ""columns"": 0, ""span_count"": 0, ""span_coverage"": 0.0, ""spans_per_row"": 0.0, ""span_per_row_limit"": 12.0, ""max_cell_chars"": 0, ""max_to_median_cell_char_ratio"": 0.0, ""max_long_text_row_ratio"": 0.0}, ""coordinate_diagnostics"": {""method"": ""pdf_coordinate_grid"", ""page"": 13, ""status"": ""no_grid_bbox"", ""horizontal_line_count"": 5, ""vertical_line_count"": 2, ""non_table_text_line_count"": 56, ""non_table_text_chars"": 2892}}",info,"Coordinate table reconstruction was attempted but the evidence was weak, so local Docling table extraction was used.",TEXT_TABLE_FAST,13,0.6,"If this page is slow or inaccurate, review coordinate diagnostics or enable table VLM fallback for targeted pages.",
ROW_HEADER_SPAN_MISSED,"{""repaired_cell_count"": 9, ""repaired_cells"": [{""row"": 3, ""column"": 1, ""text"": ""年"", ""source_bbox"": [70.22, 104.05, 77.62, 111.25], ""covered_rows"": [3, 4, 5, 6]}, {""row"": 7, ""column"": 1, ""text"": ""年"", ""source_bbox"": [70.23, 152.03, 77.62, 159.23], ""covered_rows"": [7, 8, 9, 10]}, {""row"": 11, ""column"": 1, ""text"": ""年"", ""source_bbox"": [70.22, 176.9, 77.62, 184.1], ""covered_rows"": [11, 12, 13, 14]}, {""row"": 15, ""column"": 1, ""text"": ""年"", ""source_bbox"": [70.23, 222.85, 77.62, 230.05], ""covered_rows"": [15, 16, 17, 18]}, {""row"": 23, ""column"": 1, ""text"": ""年"", ""source_bbox"": [70.23, 319.06, 77.62, 326.26], ""covered_rows"": [23, 24, 25, 26, 27]}, {""row"": 28, ""column"": 1, ""text"": ""年"", ""source_bbox"": [70.22, 343.94, 77.62, 351.14], ""covered_rows"": [28, 29, 30, 31]}, {""row"": 32, ""column"": 1, ""text"": ""年"", ""source_bbox"": [70.23, 390.73, 77.62, 397.93], ""covered_rows"": [32, 33, 34, 35]}, {""row"": 36, ""column"": 1, ""text"": ""年"", ""source_bbox"": [70.22, 415.61, 77.62, 422.81], ""covered_rows"": [36, 37, 38, 39]}, {""row"": 43, ""column"": 1, ""text"": ""年"", ""source_bbox"": [70.22, 488.38, 77.62, 495.58], ""covered_rows"": [43, 44, 45, 46, 47, 48, 49, 50, 51, 52, 53]}], ""candidate_columns"": [1], ""table_index_in_segment"": 1}",warning,PDFテキストレイヤー上の行見出しSPANがDoclingの構造化テーブルから欠落していたため、座標ベースで補完しました。,TEXT_TABLE_FAST,13,0.78,補完セルを確認してください。補完できない未使用テキストが残る場合は対象ページだけVLM突合を検討してください。,
TABLE_TEXT_COVERAGE_LOSS,"{""unrepaired_spans"": [{""column"": 0, ""row"": 1, ""text"": ""年"", ""existing"": ""総数""}, {""column"": 0, ""row"": 19, ""text"": ""年"", ""existing"": ""令和""}, {""column"": 0, ""row"": 40, ""text"": ""年"", ""existing"": ""女""}], ""table_index_in_segment"": 1}",warning,表領域内のPDFテキストの一部を構造化テーブルへ安全に割り当てられませんでした。,TEXT_TABLE_FAST,13,0.72,該当テーブルのraw出力とPDFを確認してください。必要なら対象ページだけVLM突合を実行してください。,
COORDINATE_TABLE_FALLBACK_TO_DOCLING,"{""routing_source_mode"": ""TEXT_TABLE_FAST"", ""coordinate_quality"": {""ok"": false, ""reasons"": [""coordinate_status_no_grid_bbox"", ""too_few_rows"", ""too_few_columns""], ""rows"": 0, ""columns"": 0, ""span_count"": 0, ""span_coverage"": 0.0, ""spans_per_row"": 0.0, ""span_per_row_limit"": 12.0, ""max_cell_chars"": 0, ""max_to_median_cell_char_ratio"": 0.0, ""max_long_text_row_ratio"": 0.0}, ""coordinate_diagnostics"": {""method"": ""pdf_coordinate_grid"", ""page"": 14, ""status"": ""no_grid_bbox"", ""horizontal_line_count"": 4, ""vertical_line_count"": 5, ""non_table_text_line_count"": 54, ""non_table_text_chars"": 1383}}",info,"Coordinate table reconstruction was attempted but the evidence was weak, so local Docling table extraction was used.",TEXT_TABLE_FAST,14,0.6,"If this page is slow or inaccurate, review coordinate diagnostics or enable table VLM fallback for targeted pages.",
COORDINATE_TABLE_FALLBACK_TO_DOCLING,"{""routing_source_mode"": ""TEXT_TABLE_FAST"", ""coordinate_quality"": {""ok"": false, ""reasons"": [""coordinate_status_no_grid_bbox"", ""too_few_rows"", ""too_few_columns""], ""rows"": 0, ""columns"": 0, ""span_count"": 0, ""span_coverage"": 0.0, ""spans_per_row"": 0.0, ""span_per_row_limit"": 12.0, ""max_cell_chars"": 0, ""max_to_median_cell_char_ratio"": 0.0, ""max_long_text_row_ratio"": 0.0}, ""coordinate_diagnostics"": {""method"": ""pdf_coordinate_grid"", ""page"": 15, ""status"": ""no_grid_bbox"", ""horizontal_line_count"": 7, ""vertical_line_count"": 10, ""non_table_text_line_count"": 51, ""non_table_text_chars"": 1336}}",info,"Coordinate table reconstruction was attempted but the evidence was weak, so local Docling table extraction was used.",TEXT_TABLE_FAST,15,0.6,"If this page is slow or inaccurate, review coordinate diagnostics or enable table VLM fallback for targeted pages.",
